<?xml version="1.0" encoding="UTF-8"?>
<LangFile>

	<!-- Generate with DofusTools ThemeMaker -->

	<entry key="area.all">0xc7c7c5</entry>
	<entry key="area.all.dark">0x696968</entry>
	<entry key="area.capturable">0xb2d71b</entry>
	<entry key="area.capturable.dark">0x5d6f14</entry>
	<entry key="area.normal">0xc7c7c5</entry>
	<entry key="area.normal.dark">0x696968</entry>
	<entry key="area.sabotaged">0xeb0000</entry>
	<entry key="area.sabotaged.dark">0x6f427e</entry>
	<entry key="area.vulnerable">0xd76552</entry>
	<entry key="area.vulnerable.dark">0x7e4b42</entry>
	<entry key="area.weakened">0xd7b352</entry>
	<entry key="area.weakened.dark">0x8c7330</entry>
	<entry key="chat.bgColor">0x161616</entry>
	<entry key="combobox.over">0xa20a06</entry>
	<entry key="combobox.selected">0x252c2d25</entry>
	<entry key="contextmenu.bg">0x161616</entry>
	<entry key="contextmenu.bg.alpha">0x000000</entry>
	<entry key="contextmenu.border">0x161616</entry>
	<entry key="contextmenu.over">0xa20a06</entry>
	<entry key="contextmenu.over.alpha">0x000000</entry>
	<entry key="contextmenu.separator">0xf7cc00</entry>
	<entry key="contextmenu.shadow">0x161616</entry>
	<entry key="contextmenu.shortcut">0x797979</entry>
	<entry key="contextmenu.title">0x161616</entry>
	<entry key="contextmenu.title.alpha">0x000000</entry>
	<entry key="fight.text.air">0x37d63a</entry>
	<entry key="fight.text.earth">0xac7948</entry>
	<entry key="fight.text.fire">0xcd2828</entry>
	<entry key="fight.text.multi">0xd90707</entry>
	<entry key="fight.text.neutral">0xe8e8e8</entry>
	<entry key="fight.text.water">0x3286b0</entry>
	<entry key="flag.right">0x44ff44</entry>
	<entry key="flag.unknown">0xee9933</entry>
	<entry key="flag.wrong">0xff4444</entry>
	<entry key="gamemenu.background">0x161616</entry>
	<entry key="gamemenu.background.alpha">0x000000</entry>
	<entry key="grid.bg">0x3d3e39</entry>
	<entry key="grid.bg.green">0x34c924</entry>
	<entry key="grid.bg.red">0x5f190b</entry>
	<entry key="grid.line">0x10cccccc</entry>
	<entry key="grid.over">0xa20a06</entry>
	<entry key="grid.selected">0xa20a06</entry>
	<entry key="grid.title">0x161616</entry>
	<entry key="hierarchy.administrator">0x686fff</entry>
	<entry key="hierarchy.gamemaster">0xc79866</entry>
	<entry key="hierarchy.gamemaster_padawan">0xc79866</entry>
	<entry key="hierarchy.moderator">0xff4343</entry>
	<entry key="hyperlink.hover">0xf2fabd</entry>
	<entry key="hyperlink.link">0xf7cc00</entry>
	<entry key="hyperlink.warning">0xec0101</entry>
	<entry key="map.search.grid.over">0x161616</entry>
	<entry key="map.search.grid.over.alpha">0x000000</entry>
	<entry key="multigrid.line">0x161616</entry>
	<entry key="multigrid.selected">0xa20a06</entry>
	<entry key="multigrid.subline">0x161616</entry>
	<entry key="progressbar.background">0x161616</entry>
	<entry key="progressbar.blue">0xffffff</entry>
	<entry key="progressbar.damage">0xffffff</entry>
	<entry key="progressbar.gold">0xffea00</entry>
	<entry key="progressbar.green">0xff0000</entry>
	<entry key="progressbar.lifePoints">0xff0000</entry>
	<entry key="progressbar.mount.separator">0x161616</entry>
	<entry key="progressbar.pink">0xdf1b45</entry>
	<entry key="progressbar.red">0xff0000</entry>
	<entry key="progressbar.separator">0x161616</entry>
	<entry key="progressbar.shieldPoints">0xe80909</entry>
	<entry key="progressbar.yellow">0xfcc800</entry>
	<entry key="radio.over">0xa20a06</entry>
	<entry key="shortcut">0xff0000</entry>
	<entry key="smithmagic.fail">0xff0000</entry>
	<entry key="smithmagic.success">0x34c924</entry>
	<entry key="text.glow">0xffffff</entry>
	<entry key="text.glow.dark">0x161616</entry>
	<entry key="text.glow.light">0xffffff</entry>
	<entry key="text.glow.red">0xf7cc00</entry>
	<entry key="timeline.border_current_fighter">0xff0000</entry>
	<entry key="tooltip.bg">0x161616</entry>
	<entry key="tooltip.bg.alpha">0x000000</entry>
	<entry key="tooltip.border">0xff0000</entry>
	<entry key="tooltip.border.activePin">0xff0000</entry>
	<entry key="tooltip.separator">0xf7cc00</entry>
	<entry key="tooltip.text.disabled">0x868686</entry>
	<entry key="tooltip.text.orange">0xfe6600</entry>
	<entry key="tooltip.text.red">0xf7cc00</entry>
	<entry key="ui.bg.window">0x161616</entry>
	<entry key="ui.light">0xffffff</entry>
	<entry key="ui.modalbg">0x161616</entry>
	<entry key="ui.shadow">0x161616</entry>
	<entry key="ui.shadow.dark">0x161616</entry>
	<entry key="ui.wnd.border">0x6f6d61</entry>
</LangFile>